{"cameraMode":{"drawMode":0,"name":"Shaded","section":"Shading Mode"},"sceneLighting":false,"audioPlay":false,"sceneViewState":{"m_AlwaysRefresh":false,"showFog":true,"showSkybox":false,"showFlares":true,"showImageEffects":true,"showParticleSystems":true,"showVisualEffectGraphs":true,"m_FxEnabled":true},"in2DMode":false,"pivot":{"x":0.0010771825909614564,"y":0.528107225894928,"z":0.025871165096759797},"rotation":{"x":0.058571260422468188,"y":0.9332365989685059,"z":-0.17851732671260835,"w":0.3062789738178253},"size":0.16669142246246339,"orthographic":true}