{"cameraMode":{"drawMode":0,"name":"Shaded","section":"Shading Mode"},"sceneLighting":false,"audioPlay":false,"sceneViewState":{"m_AlwaysRefresh":false,"showFog":true,"showSkybox":false,"showFlares":true,"showImageEffects":true,"showParticleSystems":true,"showVisualEffectGraphs":true,"m_FxEnabled":true},"in2DMode":false,"pivot":{"x":-0.00041321665048599243,"y":0.5237607955932617,"z":0.009859560057520867},"rotation":{"x":-0.10150150954723358,"y":-0.07900368422269821,"z":-0.008086420595645905,"w":0.9916602373123169},"size":0.1703127771615982,"orthographic":true}