{"cameraMode":{"drawMode":0,"name":"Shaded","section":"Shading Mode"},"sceneLighting":false,"audioPlay":false,"sceneViewState":{"m_AlwaysRefresh":false,"showFog":true,"showSkybox":false,"showFlares":true,"showImageEffects":true,"showParticleSystems":true,"showVisualEffectGraphs":true,"m_FxEnabled":true},"in2DMode":false,"pivot":{"x":-0.6153684854507446,"y":0.31395089626312258,"z":-0.12167534977197647},"rotation":{"x":-0.008607820607721806,"y":-0.9908580183982849,"z":0.0774439126253128,"w":-0.11014187335968018},"size":0.1483355462551117,"orthographic":true}