{"cameraMode":{"drawMode":0,"name":"Shaded","section":"Shading Mode"},"sceneLighting":false,"audioPlay":false,"sceneViewState":{"m_AlwaysRefresh":false,"showFog":true,"showSkybox":false,"showFlares":true,"showImageEffects":true,"showParticleSystems":true,"showVisualEffectGraphs":true,"m_FxEnabled":true},"in2DMode":false,"pivot":{"x":-0.0030080974102020265,"y":0.6513364315032959,"z":0.006051495671272278},"rotation":{"x":0.04572165384888649,"y":0.9479948282241821,"z":-0.27157437801361086,"w":0.15960489213466645},"size":0.584850549697876,"orthographic":true}